﻿{"cameraMode":{"drawMode":0,"name":"Shaded","section":"Shading Mode"},"sceneLighting":true,"audioPlay":false,"sceneViewState":{"showFog":true,"showMaterialUpdate":false,"showSkybox":true,"showFlares":true,"showImageEffects":true,"showParticleSystems":true,"showVisualEffectGraphs":true,"m_FxEnabled":true},"in2DMode":false,"pivot":{"x":22.453651428222658,"y":-15.106399536132813,"z":3.2051315307617189},"rotation":{"x":0.16695135831832887,"y":-0.2484627664089203,"z":0.043519917875528339,"w":0.953152596950531},"size":22.8349666595459,"orthographic":false}