﻿{"cameraMode":{"drawMode":0,"name":"Shaded","section":"Shading Mode"},"sceneLighting":true,"audioPlay":false,"sceneViewState":{"showFog":true,"showMaterialUpdate":false,"showSkybox":true,"showFlares":true,"showImageEffects":true,"showParticleSystems":true,"showVisualEffectGraphs":true,"m_FxEnabled":true},"in2DMode":false,"pivot":{"x":-18.562118530273439,"y":-14.030475616455079,"z":39.66086196899414},"rotation":{"x":0.16695135831832887,"y":-0.2484627664089203,"z":0.043519917875528339,"w":0.953152596950531},"size":34.62628936767578,"orthographic":false}